{"cameraMode":{"drawMode":0,"name":"Shaded","section":"Shading Mode"},"sceneLighting":false,"audioPlay":false,"sceneViewState":{"m_AlwaysRefresh":false,"showFog":true,"showSkybox":false,"showFlares":true,"showImageEffects":true,"showParticleSystems":true,"showVisualEffectGraphs":true,"m_FxEnabled":true},"in2DMode":false,"pivot":{"x":-0.2976453900337219,"y":0.21890656650066377,"z":0.3161049783229828},"rotation":{"x":-0.03893685340881348,"y":-0.9230422973632813,"z":0.09699123352766037,"w":-0.3703691363334656},"size":0.14540672302246095,"orthographic":false}