{"cameraMode":{"drawMode":0,"name":"Shaded","section":"Shading Mode"},"sceneLighting":false,"audioPlay":false,"sceneViewState":{"m_AlwaysRefresh":false,"showFog":true,"showSkybox":false,"showFlares":true,"showImageEffects":true,"showParticleSystems":true,"showVisualEffectGraphs":true,"m_FxEnabled":true},"in2DMode":false,"pivot":{"x":0.3437340259552002,"y":-0.44411227107048037,"z":-0.11198664456605911},"rotation":{"x":0.18583717942237855,"y":0.7094627618789673,"z":-0.20324182510375977,"w":0.6487100720405579},"size":0.8660253882408142,"orthographic":false}