{"cameraMode":{"drawMode":0,"name":"Shaded","section":"Shading Mode"},"sceneLighting":false,"audioPlay":false,"sceneViewState":{"m_AlwaysRefresh":false,"showFog":true,"showSkybox":false,"showFlares":true,"showImageEffects":true,"showParticleSystems":true,"showVisualEffectGraphs":true,"m_FxEnabled":true},"in2DMode":false,"pivot":{"x":-0.08053001761436463,"y":0.061803799122571948,"z":0.3630105257034302},"rotation":{"x":0.0031981966458261015,"y":0.9866721034049988,"z":-0.019538922235369684,"w":0.16155418753623963},"size":0.16234377026557923,"orthographic":false}