{"cameraMode":{"drawMode":0,"name":"Shaded","section":"Shading Mode"},"sceneLighting":false,"audioPlay":false,"sceneViewState":{"m_AlwaysRefresh":false,"showFog":true,"showSkybox":false,"showFlares":true,"showImageEffects":true,"showParticleSystems":true,"showVisualEffectGraphs":true,"m_FxEnabled":true},"in2DMode":false,"pivot":{"x":-0.4558029770851135,"y":0.1932740956544876,"z":0.07421401888132096},"rotation":{"x":0.063321053981781,"y":0.7283279895782471,"z":-0.06793083250522614,"w":0.6789107322692871},"size":0.11929481476545334,"orthographic":false}