{"cameraMode":{"drawMode":0,"name":"Shaded","section":"Shading Mode"},"sceneLighting":false,"audioPlay":false,"sceneViewState":{"m_AlwaysRefresh":false,"showFog":true,"showSkybox":false,"showFlares":true,"showImageEffects":true,"showParticleSystems":true,"showVisualEffectGraphs":true,"m_FxEnabled":true},"in2DMode":false,"pivot":{"x":0.35706913471221926,"y":0.09728234261274338,"z":0.1032409816980362},"rotation":{"x":-0.000634916010312736,"y":0.7440630197525024,"z":-0.0006423858576454222,"w":-0.6682059168815613},"size":0.19820146262645722,"orthographic":false}