{"cameraMode":{"drawMode":0,"name":"Shaded","section":"Shading Mode"},"sceneLighting":false,"audioPlay":false,"sceneViewState":{"m_AlwaysRefresh":false,"showFog":true,"showSkybox":false,"showFlares":true,"showImageEffects":true,"showParticleSystems":true,"showVisualEffectGraphs":true,"m_FxEnabled":true},"in2DMode":false,"pivot":{"x":-0.3319510221481323,"y":0.25929468870162966,"z":-0.1576341837644577},"rotation":{"x":-0.1625431627035141,"y":-0.5962226986885071,"z":0.12484267354011536,"w":-0.776301920413971},"size":0.17009446024894715,"orthographic":false}