{"cameraMode":{"drawMode":0,"name":"Shaded","section":"Shading Mode"},"sceneLighting":false,"audioPlay":false,"sceneViewState":{"m_AlwaysRefresh":false,"showFog":true,"showSkybox":false,"showFlares":true,"showImageEffects":true,"showParticleSystems":true,"showVisualEffectGraphs":true,"m_FxEnabled":true},"in2DMode":false,"pivot":{"x":0.2894630432128906,"y":1.011742353439331,"z":-0.9067556858062744},"rotation":{"x":-0.015230407007038594,"y":0.9827655553817749,"z":-0.09403838217258454,"w":-0.15883438289165498},"size":1.8146651983261109,"orthographic":false}