{"cameraMode":{"drawMode":0,"name":"Shaded","section":"Shading Mode"},"sceneLighting":false,"audioPlay":false,"sceneViewState":{"m_AlwaysRefresh":false,"showFog":true,"showSkybox":false,"showFlares":true,"showImageEffects":true,"showParticleSystems":true,"showVisualEffectGraphs":true,"m_FxEnabled":true},"in2DMode":false,"pivot":{"x":-0.04454580321907997,"y":0.020574193447828294,"z":0.060715436935424808},"rotation":{"x":0.10484892874956131,"y":0.3206382691860199,"z":-0.03573774918913841,"w":0.9407022595405579},"size":0.36742347478866579,"orthographic":true}