{"cameraMode":{"drawMode":0,"name":"Shaded","section":"Shading Mode"},"sceneLighting":false,"audioPlay":false,"sceneViewState":{"m_AlwaysRefresh":false,"showFog":true,"showSkybox":false,"showFlares":true,"showImageEffects":true,"showParticleSystems":true,"showVisualEffectGraphs":true,"m_FxEnabled":true},"in2DMode":false,"pivot":{"x":-0.004954278469085693,"y":-0.0023474693298339845,"z":0.005037873983383179},"rotation":{"x":0.16830581426620484,"y":0.4364829957485199,"z":-0.08349185436964035,"w":0.8798783421516419},"size":0.41844215989112856,"orthographic":false}