{"cameraMode":{"drawMode":0,"name":"Shaded","section":"Shading Mode"},"sceneLighting":false,"audioPlay":false,"sceneViewState":{"m_AlwaysRefresh":false,"showFog":true,"showSkybox":false,"showFlares":true,"showImageEffects":true,"showParticleSystems":true,"showVisualEffectGraphs":true,"m_FxEnabled":true},"in2DMode":false,"pivot":{"x":0.3590340316295624,"y":0.1640963852405548,"z":-0.09364411234855652},"rotation":{"x":0.0707327276468277,"y":-0.6080719232559204,"z":0.054492294788360599,"w":0.7889280915260315},"size":0.10392310470342636,"orthographic":false}