{"cameraMode":{"drawMode":0,"name":"Shaded","section":"Shading Mode"},"sceneLighting":false,"audioPlay":false,"sceneViewState":{"m_AlwaysRefresh":false,"showFog":true,"showSkybox":false,"showFlares":true,"showImageEffects":true,"showParticleSystems":true,"showVisualEffectGraphs":true,"m_FxEnabled":true},"in2DMode":false,"pivot":{"x":-1.086830735206604,"y":0.4542584717273712,"z":0.8209839463233948},"rotation":{"x":-0.06021754443645477,"y":-0.8759719729423523,"z":0.11334902048110962,"w":-0.4650743305683136},"size":0.14540672302246095,"orthographic":false}