{"cameraMode":{"drawMode":0,"name":"Shaded","section":"Shading Mode"},"sceneLighting":false,"audioPlay":false,"sceneViewState":{"m_AlwaysRefresh":false,"showFog":true,"showSkybox":false,"showFlares":true,"showImageEffects":true,"showParticleSystems":true,"showVisualEffectGraphs":true,"m_FxEnabled":true},"in2DMode":false,"pivot":{"x":-0.0006386270979419351,"y":1.0634504556655884,"z":-0.3526753783226013},"rotation":{"x":-0.12536141276359559,"y":0.2232632339000702,"z":-0.028917407616972925,"w":-0.9663008451461792},"size":0.928048312664032,"orthographic":false}