{"cameraMode":{"drawMode":0,"name":"Shaded","section":"Shading Mode"},"sceneLighting":false,"audioPlay":false,"sceneViewState":{"m_AlwaysRefresh":false,"showFog":true,"showSkybox":false,"showFlares":true,"showImageEffects":true,"showParticleSystems":true,"showVisualEffectGraphs":true,"m_FxEnabled":true},"in2DMode":false,"pivot":{"x":-0.05287718400359154,"y":0.4510369598865509,"z":-0.06403493136167526},"rotation":{"x":-0.1148068755865097,"y":0.5263752937316895,"z":-0.07195639610290528,"w":-0.839464008808136},"size":0.8022984266281128,"orthographic":false}