{"cameraMode":{"drawMode":0,"name":"Shaded","section":"Shading Mode"},"sceneLighting":false,"audioPlay":false,"sceneViewState":{"m_AlwaysRefresh":false,"showFog":true,"showSkybox":false,"showFlares":true,"showImageEffects":true,"showParticleSystems":true,"showVisualEffectGraphs":true,"m_FxEnabled":true},"in2DMode":false,"pivot":{"x":0.6634342670440674,"y":0.24651211500167848,"z":3.2061476707458498},"rotation":{"x":-0.003000271739438176,"y":-0.0030000333208590748,"z":-0.000010478245712874923,"w":0.9999986290931702},"size":6.404748439788818,"orthographic":false}