{"cameraMode":{"drawMode":0,"name":"Shaded","section":"Shading Mode"},"sceneLighting":false,"audioPlay":false,"sceneViewState":{"m_AlwaysRefresh":false,"showFog":true,"showSkybox":false,"showFlares":true,"showImageEffects":true,"showParticleSystems":true,"showVisualEffectGraphs":true,"m_FxEnabled":true},"in2DMode":false,"pivot":{"x":-1.101627230644226,"y":0.5982344150543213,"z":0.05029851943254471},"rotation":{"x":-0.0976007878780365,"y":-0.7306796908378601,"z":0.10682479292154312,"w":-0.6672816276550293},"size":0.15635767579078675,"orthographic":false}