{"cameraMode":{"drawMode":0,"name":"Shaded","section":"Shading Mode"},"sceneLighting":false,"audioPlay":false,"sceneViewState":{"m_AlwaysRefresh":false,"showFog":true,"showSkybox":false,"showFlares":true,"showImageEffects":true,"showParticleSystems":true,"showVisualEffectGraphs":true,"m_FxEnabled":true},"in2DMode":false,"pivot":{"x":0.3588089346885681,"y":0.6815723180770874,"z":-0.44265761971473696},"rotation":{"x":-0.08916296064853668,"y":-0.3501704931259155,"z":0.03354303166270256,"w":-0.9318987727165222},"size":0.9086554050445557,"orthographic":false}