{"cameraMode":{"drawMode":0,"name":"Shaded","section":"Shading Mode"},"sceneLighting":false,"audioPlay":false,"sceneViewState":{"m_AlwaysRefresh":false,"showFog":true,"showSkybox":false,"showFlares":true,"showImageEffects":true,"showParticleSystems":true,"showVisualEffectGraphs":true,"m_FxEnabled":true},"in2DMode":false,"pivot":{"x":-0.15128740668296815,"y":0.6494093537330627,"z":0.13746771216392518},"rotation":{"x":-0.10230007767677307,"y":0.19034570455551148,"z":-0.019909558817744256,"w":-0.9762365221977234},"size":0.9086554050445557,"orthographic":false}