{"cameraMode":{"drawMode":0,"name":"Shaded","section":"Shading Mode"},"sceneLighting":false,"audioPlay":false,"sceneViewState":{"m_AlwaysRefresh":false,"showFog":true,"showSkybox":false,"showFlares":true,"showImageEffects":true,"showParticleSystems":true,"showVisualEffectGraphs":true,"m_FxEnabled":true},"in2DMode":false,"pivot":{"x":-0.24790938198566438,"y":0.21372833847999574,"z":-0.06202824041247368},"rotation":{"x":0.1256934404373169,"y":0.7160544991493225,"z":-0.13363122940063477,"w":0.6735174059867859},"size":0.21174125373363496,"orthographic":false}