{"cameraMode":{"drawMode":0,"name":"Shaded","section":"Shading Mode"},"sceneLighting":false,"audioPlay":false,"sceneViewState":{"m_AlwaysRefresh":false,"showFog":true,"showSkybox":false,"showFlares":true,"showImageEffects":true,"showParticleSystems":true,"showVisualEffectGraphs":true,"m_FxEnabled":true},"in2DMode":false,"pivot":{"x":0.1263255476951599,"y":0.003032386302947998,"z":0.004325777292251587},"rotation":{"x":0.13459715247154237,"y":-0.013025020249187947,"z":0.0011390550062060357,"w":0.9908149838447571},"size":0.14540700614452363,"orthographic":false}