{"cameraMode":{"drawMode":0,"name":"Shaded","section":"Shading Mode"},"sceneLighting":false,"audioPlay":false,"sceneViewState":{"m_AlwaysRefresh":false,"showFog":true,"showSkybox":false,"showFlares":true,"showImageEffects":true,"showParticleSystems":true,"showVisualEffectGraphs":true,"m_FxEnabled":true},"in2DMode":false,"pivot":{"x":-0.0001953465398401022,"y":0.01189500093460083,"z":0.024579310789704324},"rotation":{"x":-0.04554525762796402,"y":-0.026173731312155725,"z":-0.0017367333639413119,"w":0.9986499547958374},"size":0.1388636976480484,"orthographic":false}