{"cameraMode":{"drawMode":0,"name":"Shaded","section":"Shading Mode"},"sceneLighting":false,"audioPlay":false,"sceneViewState":{"m_AlwaysRefresh":false,"showFog":true,"showSkybox":false,"showFlares":true,"showImageEffects":true,"showParticleSystems":true,"showVisualEffectGraphs":true,"m_FxEnabled":true},"in2DMode":false,"pivot":{"x":-0.36196082830429079,"y":0.32099801301956179,"z":-0.008365429937839508},"rotation":{"x":0.18356412649154664,"y":0.4401617646217346,"z":-0.09243760257959366,"w":0.8740812540054321},"size":0.6804479956626892,"orthographic":true}