{"cameraMode":{"drawMode":0,"name":"Shaded","section":"Shading Mode"},"sceneLighting":true,"audioPlay":false,"sceneViewState":{"m_AlwaysRefresh":false,"showFog":true,"showSkybox":false,"showFlares":true,"showImageEffects":true,"showParticleSystems":true,"showVisualEffectGraphs":true,"m_FxEnabled":true},"in2DMode":false,"pivot":{"x":-0.08254023641347885,"y":1.0241221189498902,"z":-0.11637059599161148},"rotation":{"x":-0.2648543119430542,"y":-0.27029696106910708,"z":0.07758922129869461,"w":-0.9224315881729126},"size":0.8052552938461304,"orthographic":false}