{"cameraMode":{"drawMode":0,"name":"Shaded","section":"Shading Mode"},"sceneLighting":true,"audioPlay":false,"sceneViewState":{"m_AlwaysRefresh":false,"showFog":true,"showSkybox":false,"showFlares":true,"showImageEffects":true,"showParticleSystems":true,"showVisualEffectGraphs":true,"m_FxEnabled":true},"in2DMode":false,"pivot":{"x":0.030524054542183877,"y":0.8627916574478149,"z":-0.26302069425582888},"rotation":{"x":-0.3099847137928009,"y":-0.4884735941886902,"z":0.19091282784938813,"w":-0.7930745482444763},"size":0.8052552938461304,"orthographic":false}