{"cameraMode":{"drawMode":0,"name":"Shaded","section":"Shading Mode"},"sceneLighting":false,"audioPlay":false,"sceneViewState":{"m_AlwaysRefresh":false,"showFog":true,"showSkybox":false,"showFlares":true,"showImageEffects":true,"showParticleSystems":true,"showVisualEffectGraphs":true,"m_FxEnabled":true},"in2DMode":false,"pivot":{"x":-0.34558385610580447,"y":0.2812337577342987,"z":-0.26805877685546877},"rotation":{"x":-0.014209111221134663,"y":0.6137277483940125,"z":0.011048420332372189,"w":0.789314329624176},"size":0.252505362033844,"orthographic":false}